{"cameraMode":{"drawMode":0,"name":"Shaded","section":"Shading Mode"},"sceneLighting":true,"audioPlay":false,"sceneViewState":{"showFog":true,"showMaterialUpdate":true,"showSkybox":true,"showFlares":true,"showImageEffects":true,"showParticleSystems":true},"in2DMode":false,"pivot":{"x":18.089956283569337,"y":1.5834598541259766,"z":0.2575492858886719},"rotation":{"x":-0.16159003973007203,"y":-0.015695279464125634,"z":0.0025724205188453199,"w":-0.9868102669715881},"size":24.416122436523439,"orthographic":false}